COUNTRY,CTRYID,YEAR,VERSION,DATE,PTYNAME,PTYID,PARTYFAMNEW,AIPD,AIPD_WM,PIPD,PIPD_MV,OPIPD,OPIPD_MV,cfaipd,eoseaipd,cvraipd,bpvopipd,ppaaipd,bpvpipd,pseaipd,psveaipd,pspaipd,mvaipd,mvopipd,mvpipd,csvaipd,csvpipd,plsvaipd,plsvpipd,plsvopipd,csvopipd,COMP_PROGRAMME,COMP_PERSONNEL,COMP_STRUCTURE
Australia,1,2017,1,04apr2025,Labor Party,1001,Social Democrats,.63125,.63125,1,1,0,0,.25,.5,.5,-999,.8,-999,1,1,-999,-999,-999,-999,.5,1,-999,1,0,0,-999,.75,.5125
Australia,1,2017,1,04apr2025,Liberal Party,1002,Conservatives,.5083333333333333,.5083333333333333,0,0,0,0,.25,.5,-999,-999,.8,-999,0,1,-999,-999,-999,-999,.5,0,-999,0,0,0,-999,.5,.5166666666666667
Australia,1,2017,1,04apr2025,National Party,1003,Agrarian/Farmer’s Party,.55,.55,.5,.5,0,0,.25,.375,-999,-999,.8,-999,0,1,-999,-999,-999,-999,.75,1,-999,0,0,0,-999,.625,.475
Australia,1,2017,1,04apr2025,The Greens,1004,Greens,.63125,.63125,.5,.5,0,0,1,.75,.5,-999,.8,-999,0,1,-999,-999,-999,-999,-999,1,-999,0,0,0,-999,.5,.7625
Austria,2,2018,1,04apr2025,Social Democratic,2001,Social Democrats,.584375,.584375,.3333333333333333,.33333334,0,0,.25,.75,.5,0,.8,1,1,1,.5,-999,-999,-999,.5,0,.25,0,0,0,-999,.59375,.575
Austria,2,2018,1,04apr2025,Party People's Party,2002,Christian Democrats,.3979166666666667,.471875,.25,.25,0,0,0,.45,.5,0,.7,1,.5,1,.5,.25,0,0,.5,0,.25,0,0,0,.25,.53125,.4125
Austria,2,2018,1,04apr2025,Freedom Party,2003,Right-wing (populists),.446875,.446875,0,0,0,0,.25,.25,.5,-999,.2,-999,1,1,.5,-999,-999,-999,.5,0,.25,0,0,0,-999,.59375,.3
Austria,2,2018,1,04apr2025,The Greens,2004,Greens,.640625,.640625,.6666666666666666,.66666669,.3333333333333333,.33333334,1,.75,.5,0,1,1,1,1,.5,-999,-999,-999,.25,1,.25,0,0,1,-999,.46875,.8125
Austria,2,2018,1,04apr2025,Peter Pilz List,2006,Other: see PARTYFAMTXT for this label,.75625,.75625,.5,.5,0,0,1,.75,1,-999,.8,-999,1,1,-999,-999,-999,-999,.25,0,-999,1,0,0,-999,.625,.8875
Austria,2,2018,1,04apr2025,NEOS,2007,Liberals,.78125,.78125,1,1,.3333333333333333,.33333334,1,.75,1,0,1,1,1,1,-999,-999,-999,-999,.25,1,-999,1,0,1,-999,.625,.9375
Belgium,3,2017,1,04apr2025,New Flemish Alliance,3001,Regionalist,.5916666666666667,.5916666666666667,1,1,0,-999,.25,.625,-999,-999,.8,-999,1,1,-999,-999,-999,-999,.25,1,-999,1,-999,0,-999,.625,.5583333333333333
Belgium,3,2017,1,04apr2025,Socialist Party,3002,Social Democrats,.8416666666666666,.8416666666666666,.5,.5,0,-999,1,.625,-999,-999,.8,-999,1,1,-999,-999,-999,-999,.75,0,-999,1,0,-999,-999,.875,.8083333333333332
Belgium,3,2017,1,04apr2025,Christian-Democrat and Flemish,3003,Christian Democrats,.7291666666666667,.7291666666666667,1,1,0,-999,1,.5,-999,-999,1,-999,1,1,-999,-999,-999,-999,.25,1,-999,1,-999,0,-999,.625,.8333333333333334
Belgium,3,2017,1,04apr2025,Reform Movement,3004,Liberals,.4645833333333333,.4645833333333333,.5,.5,0,0,-999,.625,-999,-999,.4,-999,.5,1,.25,-999,-999,-999,.25,0,-999,1,0,0,-999,.4166666666666667,.5125
Belgium,3,2017,1,04apr2025,Socialist Party Alternative,3005,Social Democrats,.925,.925,.5,.5,0,-999,1,.75,-999,-999,.8,-999,1,1,-999,-999,-999,-999,-999,0,-999,1,-999,0,-999,1,.85
Belgium,3,2017,1,04apr2025,Open Flemish Liberals and Democrats,3006,Liberals,.925,.925,1,1,0,-999,1,.75,-999,-999,.8,-999,1,1,-999,-999,-999,-999,-999,1,-999,1,-999,0,-999,1,.85
Belgium,3,2016,1,04apr2025,Flemish Interest,3007,Far right (extreme right),.5770833333333334,.5770833333333334,.5,.5,0,-999,-999,.625,-999,-999,.6,-999,1,1,.5,-999,-999,-999,.25,0,-999,1,-999,0,-999,.5416666666666667,.6125
Belgium,3,2017,1,04apr2025,Democrat Humanist Centre,3008,Christian Democrats,.6083333333333334,.6083333333333334,1,1,0,0,1,.375,-999,-999,.4,-999,1,1,-999,-999,-999,-999,.25,1,-999,1,0,0,-999,.625,.5916666666666667
Belgium,3,2017,1,04apr2025,Ecolo,3009,Greens,.8069444444444445,.8069444444444445,1,1,0,0,1,.4166666666666667,-999,-999,.8,-999,1,1,-999,-999,-999,-999,.75,1,-999,1,0,0,-999,.875,.7388888888888889
Belgium,3,2017,1,04apr2025,Green,3010,Greens,.75,.75,1,1,0,0,-999,.25,-999,0,1,1,1,1,-999,-999,-999,-999,.75,1,-999,1,0,0,-999,.875,.625
Belgium,3,2017,1,04apr2025,"Democratic, Federalist, Independent",3013,Regionalist,.6625,.6625,.5,.5,0,0,.5,.25,-999,-999,.6,-999,1,1,-999,-999,-999,-999,.75,0,-999,1,0,0,-999,.875,.45
Belgium,3,2017,1,04apr2025,Workers' Party of Belgium,3015,Communists or Left Socialists,.6354166666666667,.6354166666666667,0,-999,0,-999,0,.75,-999,-999,1,-999,1,1,.5,-999,-999,-999,-999,-999,.25,0,0,-999,-999,.6875,.5833333333333334
Belgium,3,2017,1,04apr2025,People's Party,3016,Right-wing (populists),.5541666666666667,.5541666666666667,.5,.5,0,0,1,.5,-999,-999,.2,-999,1,1,.5,-999,-999,-999,.25,0,-999,1,0,0,-999,.5416666666666667,.5666666666666667
Canada,4,2017,1,04apr2025,Liberal Party,4001,Liberals,.728125,.728125,.6666666666666666,.66666669,.5,.5,.5,.625,1,-999,.7,-999,.5,1,-999,-999,-999,0,.75,1,-999,1,1,0,-999,.75,.70625
Canada,4,2017,1,04apr2025,New Democratic Party,4002,Social Democrats,.709375,.709375,.6666666666666666,.66666669,0,0,.5,.625,.75,-999,.8,-999,.5,1,-999,-999,0,0,.75,1,-999,1,0,-999,-999,.75,.66875
Canada,4,2017,1,04apr2025,Conservative Party,4004,Conservatives,.709375,.709375,.75,.75,0,0,.5,.625,.75,0,.8,1,.5,1,-999,-999,-999,0,.75,1,-999,1,0,0,-999,.75,.66875
Canada,4,2017,1,04apr2025,Green Party,4005,Greens,.803125,.803125,.75,.75,0,0,.5,.625,1,0,.8,1,-999,1,-999,-999,0,0,.75,1,-999,1,0,0,-999,.875,.73125
Czech Republic,5,2017,1,04apr2025,Social Democratic Party,5001,Social Democrats,.78125,.671875,.6666666666666666,.66666669,0,0,.5,.45,.5,0,.8,1,1,1,.75,1,0,-999,.75,1,.5,0,0,0,1,.78125,.5625
Czech Republic,5,2017,1,04apr2025,Civic Democratic Party,5002,Conservatives,.4625,.56875,1,1,0,0,.5,.45,.5,0,.6,1,-999,1,-999,.25,0,1,-999,-999,.25,-999,-999,-999,.25,.625,.5125
Czech Republic,5,2017,1,04apr2025,TOP 09,5003,Conservatives,.4416666666666667,.5375000000000001,0,-999,0,-999,.5,.375,-999,-999,.6,-999,-999,1,.5,.25,0,0,-999,-999,.25,-999,-999,-999,.25,.5833333333333334,.4916666666666667
Czech Republic,5,2017,1,04apr2025,Communist Party,5004,Communists or Left Socialists,.7125,.56875,0,0,0,0,0,.55,.5,-999,1,-999,1,1,.75,1,0,0,.5,0,.25,0,0,0,1,.625,.5125
Czech Republic,5,2017,1,04apr2025,Christian Democratic Union,5005,Christian Democrats,.7944444444444444,.6916666666666667,.3333333333333333,.33333334,0,0,.5,.45,.75,-999,.5,-999,1,1,.75,1,0,0,.75,1,-999,0,0,0,1,.8333333333333333,.55
Czech Republic,5,2017,1,04apr2025,Action of Dissatisfied Citizens,5006,Liberals,.6131944444444445,.4197916666666667,0,0,0,0,.5,.625,.5,-999,.4,-999,0,1,-999,1,0,0,.25,0,.25,0,0,0,1,.3333333333333334,.50625
Finland,7,2017,1,04apr2025,Centre Party,7001,Agrarian/Farmer’s Party,.659375,.659375,1,1,0,0,.5,.65,.75,-999,.75,-999,1,1,1,-999,-999,-999,.5,1,.25,1,0,0,-999,.65625,.6625
Finland,7,2017,1,04apr2025,Finns Party,7002,Right-wing (populists),.70625,.70625,1,1,0,0,.5,.65,1,-999,.75,-999,1,1,.5,-999,-999,-999,-999,1,.25,1,0,0,-999,.6875,.725
Finland,7,2017,1,04apr2025,National Coalition Party,7003,Conservatives,.565625,.565625,.5,.5,0,0,.5,.65,.75,-999,.75,-999,1,0,.5,-999,-999,-999,.5,1,.25,0,0,0,-999,.46875,.6625
Finland,7,2017,1,04apr2025,Social Democratic Party of Finland,7004,Social Democrats,.565625,.565625,.6666666666666666,.66666669,0,0,.25,.65,.5,0,.75,1,1,1,.5,-999,-999,-999,.5,1,.25,0,0,0,-999,.59375,.5375
Finland,7,2017,1,04apr2025,Green League,7005,Greens,.721875,.721875,1,1,0,0,1,.65,.75,0,.75,1,1,1,1,-999,-999,-999,.5,1,.25,1,0,0,-999,.65625,.7875
Finland,7,2017,1,04apr2025,Left Alliance,7006,Communists or Left Socialists,.58125,.58125,1,1,0,0,.25,.65,.5,0,.75,1,1,1,.75,-999,-999,-999,.5,1,.25,1,0,0,-999,.625,.5375
Finland,7,2017,1,04apr2025,Swedish People's Party of Finland,7007,Ethnic,.628125,.628125,.5,.5,0,0,1,.65,.75,-999,.75,-999,1,0,.5,-999,-999,-999,.5,1,.25,0,0,0,-999,.46875,.7875
Finland,7,2017,1,04apr2025,Christian Democrats in Finland,7008,Christian Democrats,.4604166666666667,.565625,.5,.5,0,0,.5,.65,.75,-999,.75,-999,1,0,.5,.25,-999,-999,.5,1,.25,0,0,0,.25,.46875,.6625
France,8,2017,1,04apr2025,Socialist Party,8001,Social Democrats,.75,.625,.6666666666666666,.66666669,0,0,.25,.75,.75,-999,.75,-999,1,1,-999,1,0,0,.25,1,-999,1,0,0,1,.625,.625
France,8,2017,1,04apr2025,The Republicans,8004,Conservatives,.765625,.765625,.6666666666666666,.66666669,-999,-999,.25,.75,1,-999,.625,-999,1,1,-999,-999,-999,0,.75,1,-999,1,-999,-999,-999,.875,.65625
Germany,9,2017,1,04apr2025,Christian Democratic Union,9001,Christian Democrats,.55625,.709375,.5,.5,0,0,.5,.55,.75,0,1,1,1,1,.5,.25,0,0,.75,1,.25,0,0,0,.25,.71875,.7
Germany,9,2017,1,04apr2025,Social Democratic Party,9002,Social Democrats,.8541666666666666,.78125,.5,.5,0,0,.5,.75,.75,0,1,1,1,1,1,1,0,0,-999,1,.25,0,0,0,1,.8125,.75
Germany,9,2017,1,04apr2025,Free Democratic Party,9003,Liberals,.8562500000000001,.784375,.5,.5,0,0,1,.65,.5,0,1,1,1,1,1,1,0,0,.75,1,.25,0,0,0,1,.78125,.7875
Germany,9,2017,1,04apr2025,The Left,9004,Communists or Left Socialists,.8541666666666666,.78125,.5,.5,0,0,1,.75,.5,0,1,1,1,1,-999,1,0,0,.75,1,.25,0,0,0,1,.75,.8125
Germany,9,2017,1,04apr2025,Alliance '90/The Greens,9005,Greens,.875,.8125,.5,.5,0,0,1,.75,.75,0,1,1,1,1,-999,1,0,0,.75,1,.25,0,0,0,1,.75,.875
Germany,9,2017,1,04apr2025,Christian Social Union,9006,Christian Democrats,.6180555555555556,.8020833333333334,.5,.5,0,0,1,.75,.5,0,1,1,1,1,-999,.25,0,0,.75,1,.5,0,0,0,.25,.7916666666666667,.8125
Germany,9,2017,1,04apr2025,Alternative for Germany,9008,Right-wing (populists),.8541666666666666,.78125,.5,.5,0,0,1,.75,.5,0,1,1,1,1,-999,1,0,0,.75,1,.25,0,0,0,1,.75,.8125
Hungary,10,2017,1,04apr2025,Fidesz - Hungarian Civic Alliance,10001,Right-wing (populists),.45,.675,.3333333333333333,.33333334,0,0,.5,.5,.75,0,.4,1,1,1,.75,0,0,0,-999,-999,.5,0,0,-999,0,.8125,.5375
Hungary,10,2017,1,04apr2025,Jobbik,10002,Far right (extreme right),.7416666666666667,.6125,0,-999,0,-999,.5,.75,.75,-999,.4,-999,1,-999,-999,1,0,0,.25,-999,-999,-999,-999,-999,1,.625,.6
Hungary,10,2017,1,04apr2025,Politics Can Be Different,10003,Greens,.7472222222222222,.6208333333333333,.5,.5,0,0,1,.75,.75,0,.8,1,.5,1,-999,1,-999,-999,.25,0,.25,-999,-999,0,1,.4166666666666667,.825
Hungary,10,2017,1,04apr2025,Socialist Party,10005,Social Democrats,.9013888888888889,.8520833333333333,.6666666666666666,.66666669,0,0,1,.65,.75,0,.75,1,1,1,-999,1,-999,0,-999,-999,.75,1,0,-999,1,.9166666666666666,.7875
Hungary,10,2017,1,04apr2025,Democratic Coalition,10006,Social Democrats,.8236111111111111,.7354166666666666,.75,.75,0,0,1,.75,1,0,.8,1,.5,1,-999,1,0,1,-999,0,.25,1,0,0,1,.5833333333333334,.8875
Israel,12,2018,1,04apr2025,Likud,12002,Conservatives,.5875,.5875,1,1,0,0,-999,.25,-999,-999,.6,-999,1,1,-999,-999,-999,-999,.5,1,-999,1,0,0,-999,.75,.425
Israel,12,2018,1,04apr2025,Yisrael Beiteinu,12003,Other: see PARTYFAMTXT for this label,.3666666666666667,.3666666666666667,0,-999,0,-999,1,.25,-999,-999,.2,-999,-999,-999,-999,-999,-999,-999,.25,0,-999,-999,-999,0,-999,.25,.4833333333333333
Israel,12,2018,1,04apr2025,Labor Party,12004,Social Democrats,.7375,.7375,1,1,0,0,0,.625,-999,0,.8,1,1,1,-999,-999,-999,-999,-999,1,-999,1,0,0,-999,1,.475
Israel,12,2018,1,04apr2025,Shas,12005,Other: see PARTYFAMTXT for this label,.0833333333333333,.0833333333333333,0,0,0,0,-999,-999,-999,-999,0,-999,0,-999,.25,-999,-999,-999,-999,0,.25,0,0,0,-999,.1666666666666667,0
Israel,12,2018,1,04apr2025,Agudat Yisrael,12006,Other: see PARTYFAMTXT for this label,.0625,.0625,0,-999,0,-999,0,-999,-999,-999,-999,-999,-999,0,-999,-999,-999,-999,-999,-999,.25,0,0,-999,-999,.125,0
Israel,12,2018,1,04apr2025,Hadash,12008,Communists or Left Socialists,.375,.5,0,-999,0,-999,0,-999,-999,-999,1,-999,-999,-999,-999,.25,0,0,-999,-999,-999,-999,-999,-999,.25,-999,.5
Israel,12,2018,1,04apr2025,Meretz,12009,Social Democrats,.6666666666666666,.5,.3333333333333333,.33333334,0,0,1,.25,-999,-999,.25,-999,.5,1,-999,1,0,0,.25,0,-999,1,0,0,1,.5,.5
Israel,12,2018,1,04apr2025,The Jewish Home,12010,Other: see PARTYFAMTXT for this label,.7305555555555555,.5958333333333333,.5,.5,0,0,1,.5,-999,-999,.2,-999,1,1,-999,1,0,-999,.25,1,-999,0,0,-999,1,.625,.5666666666666667
Israel,12,2018,1,04apr2025,Balad,12011,Ethnic,.875,.75,0,-999,0,-999,.5,-999,-999,-999,1,-999,-999,-999,-999,1,0,0,-999,-999,-999,-999,-999,-999,1,-999,.75
Israel,12,2018,1,04apr2025,There is a Future,12012,Liberals,.4166666666666666,.4166666666666666,0,-999,0,-999,-999,.5,-999,-999,.3333333333333333,-999,-999,-999,-999,-999,-999,-999,-999,0,-999,-999,-999,0,-999,-999,.4166666666666666
Israel,12,2018,1,04apr2025,All of Us,12013,Liberals,.7083333333333334,.7083333333333334,0,-999,0,-999,1,.625,-999,-999,.5,-999,-999,-999,-999,-999,-999,-999,-999,0,-999,-999,-999,0,-999,-999,.7083333333333334
Israel,12,2018,1,04apr2025,The Movement,12014,Liberals,.4611111111111111,.6722222222222222,0,-999,0,-999,1,.4166666666666667,-999,-999,.6,-999,-999,-999,-999,.25,-999,-999,-999,0,-999,-999,-999,0,.25,-999,.6722222222222222
Italy,13,2018,1,04apr2025,Northern League,13002,Right-wing (populists),.628125,.628125,0,0,0,0,.25,.625,.75,-999,.4,-999,1,1,-999,-999,0,0,-999,0,.25,0,0,0,-999,.75,.50625
Italy,13,2018,1,04apr2025,Democratic Party,13004,Social Democrats,.7194444444444444,.5791666666666666,.3333333333333333,.33333334,.3333333333333333,.33333334,1,.25,.75,-999,.8,-999,.5,1,.5,1,0,0,.25,0,-999,1,1,0,1,.4583333333333333,.7
Italy,13,2018,1,04apr2025,Italian Force,13007,Liberals,.5041666666666667,.5041666666666667,0,0,0,0,.25,.5,-999,-999,.4,-999,1,1,-999,-999,0,0,.5,0,.25,0,0,0,-999,.625,.3833333333333333
Italy,13,2018,1,04apr2025,Five Stars Movement,13008,Other: see PARTYFAMTXT for this label,.9444444444444444,.9444444444444444,.75,.75,0,0,1,-999,1,0,.6666666666666666,1,1,1,-999,-999,0,1,-999,0,-999,1,0,0,-999,1,.8888888888888888
Italy,13,2018,1,04apr2025,Brothers of Italy,13009,Far right (extreme right),.5833333333333334,.625,0,0,0,0,.25,.75,.75,-999,.25,-999,1,1,-999,.5,0,0,-999,-999,.25,0,0,-999,.5,.75,.5
Netherlands,14,2018,1,04apr2025,People's Party for Freedom and Democracy,14001,Liberals,.8305555555555554,.7458333333333333,.75,.75,0,0,1,.75,.75,0,.8,1,1,0,1,1,0,0,-999,1,-999,1,0,0,1,.6666666666666666,.825
Netherlands,14,2018,1,04apr2025,Labour Party,14002,Social Democrats,.8541666666666666,.78125,.5,.5,0,0,1,.75,1,0,1,1,1,1,-999,1,0,0,.25,0,-999,1,0,0,1,.625,.9375
Netherlands,14,2018,1,04apr2025,Party for Freedom,14003,Right-wing (populists),-999,-999,-999,-999,-999,-999,-999,-999,-999,-999,-999,-999,-999,-999,-999,-999,-999,-999,-999,-999,-999,-999,-999,-999,-999,-999,-999
Netherlands,14,2018,1,04apr2025,Socialist Party,14004,Communists or Left Socialists,.5979166666666667,.396875,0,-999,0,-999,.5,.625,.75,-999,.8,-999,0,-999,-999,1,-999,-999,.25,0,-999,-999,-999,0,1,.125,.66875
Netherlands,14,2018,1,04apr2025,Christian Democratic Appeal,14005,Christian Democrats,.8375,.75625,.5,.5,0,0,1,.625,1,-999,.8,-999,1,0,1,1,0,-999,.75,0,.25,1,0,0,1,.65625,.85625
Netherlands,14,2018,1,04apr2025,Democrats 66,14006,Liberals,.9069444444444444,.8604166666666666,.75,.75,0,0,1,.75,1,0,.8,1,1,1,.5,1,0,0,-999,1,-999,1,0,0,1,.8333333333333334,.8875
Netherlands,14,2018,1,04apr2025,Christian Union,14007,Other: see PARTYFAMTXT for this label,.7312500000000001,.596875,0,-999,0,-999,-999,.75,1,-999,.8,-999,0,1,.5,1,-999,-999,.25,0,.25,-999,-999,0,1,.34375,.85
Netherlands,14,2018,1,04apr2025,Green Left,14008,Greens,.8375,.75625,.75,.75,0,0,1,.75,1,0,.8,1,1,1,-999,1,0,0,.25,1,-999,1,0,0,1,.625,.8875
Netherlands,14,2018,1,04apr2025,Reformed Political Party,14009,Other: see PARTYFAMTXT for this label,.7645833333333334,.646875,0,0,0,0,1,.75,.75,-999,.8,-999,1,1,.5,1,-999,-999,.25,0,.25,0,0,0,1,.46875,.825
Netherlands,14,2018,1,04apr2025,Party for the Animals,14010,Other: see PARTYFAMTXT for this label,.678125,.678125,1,1,0,0,1,.75,1,-999,.8,-999,1,1,.5,-999,0,1,.25,1,.25,1,0,0,-999,.46875,.8875
Netherlands,14,2018,1,04apr2025,50PLUS,14011,Other: see PARTYFAMTXT for this label,.5458333333333333,.69375,0,0,0,0,1,.75,1,-999,.8,-999,1,1,-999,.25,0,0,.25,0,.25,0,0,0,.25,.5,.8875
Netherlands,14,2018,1,04apr2025,Forum for Democracy,14012,Right-wing (populists),.6520833333333333,.6520833333333333,0,0,0,0,1,.75,1,-999,.8,-999,1,-999,.5,-999,-999,-999,.25,0,.25,0,0,0,-999,.4166666666666667,.8875
Netherlands,14,2018,1,04apr2025,DENK,14013,Ethnic,.44375,.44375,-999,-999,-999,-999,1,.75,1,-999,.8,-999,0,-999,-999,-999,-999,-999,-999,-999,-999,-999,-999,-999,-999,0,.8875
Norway,15,2017,1,04apr2025,Labour Party,15001,Social Democrats,.7020833333333334,.553125,.25,.25,0,0,.25,.75,.5,0,.8,1,.5,1,.5,1,0,0,.5,0,.25,0,0,0,1,.53125,.575
Norway,15,2017,1,04apr2025,Progress Party,15002,Right-wing (populists),.7374999999999999,.60625,.25,.25,0,0,1,.625,.5,0,.6,1,.5,1,.5,1,0,0,.5,0,.25,0,0,0,1,.53125,.68125
Norway,15,2017,1,04apr2025,Conservative Party,15003,Conservatives,.7645833333333334,.646875,0,0,0,0,1,.5,.5,-999,.8,-999,1,1,.5,1,0,0,.5,0,.25,0,0,0,1,.59375,.7
Norway,15,2017,1,04apr2025,Socialist Left Party,15004,Communists or Left Socialists,.7229166666666668,.584375,.25,.25,0,0,.5,.75,.5,0,.8,1,.5,1,.5,1,0,0,.5,0,.25,0,0,0,1,.53125,.6375
Norway,15,2017,1,04apr2025,Centre Party,15005,Agrarian/Farmer’s Party,.7166666666666667,.575,0,0,0,0,.5,.625,.75,-999,.6,-999,.5,1,.5,1,0,0,.5,0,.25,0,0,0,1,.53125,.61875
Norway,15,2017,1,04apr2025,Christian Democratic Party,15006,Christian Democrats,.7062499999999999,.559375,0,0,0,0,.5,.625,.5,-999,.6,-999,.5,1,.75,1,0,0,.5,0,.25,0,0,0,1,.5625,.55625
Norway,15,2017,1,04apr2025,Liberal Party,15007,Liberals,.7687499999999999,.653125,.25,.25,0,0,1,.75,.5,0,.6,1,1,1,.5,1,0,0,.5,0,.25,0,0,0,1,.59375,.7125
Norway,15,2017,1,04apr2025,The Greens,15008,Greens,.7854166666666668,.678125,.5,.5,0,0,1,.75,.5,0,.8,1,.5,1,1,1,0,0,.5,1,.25,0,0,0,1,.59375,.7625
Norway,15,2017,1,04apr2025,Red,15009,Communists or Left Socialists,.74375,.615625,0,0,0,0,.5,.75,.75,-999,.8,-999,.5,1,.5,1,-999,0,.5,0,.25,0,0,0,1,.53125,.7
Poland,16,2017,1,04apr2025,Civic Platform,16001,Christian Democrats,.6055555555555555,.4083333333333333,.5,.5,0,0,0,.55,-999,-999,.4,-999,1,1,-999,1,-999,-999,.25,0,.25,1,0,0,1,.5,.3166666666666667
Poland,16,2017,1,04apr2025,Law and Justice,16002,Conservatives,.6770833333333334,.515625,0,0,0,-999,.25,.75,.5,-999,.625,-999,1,1,-999,1,-999,-999,.25,0,.25,0,-999,0,1,.5,.53125
Poland,16,2017,1,04apr2025,Polish People's Party,16004,Christian Democrats,.6770833333333334,.515625,0,0,0,-999,0,.75,.75,-999,.75,-999,1,1,.5,1,-999,-999,.25,0,.25,0,-999,0,1,.46875,.5625
Poland,16,2017,1,04apr2025,Democratic Left Alliance,16005,Social Democrats,.6555555555555556,.4833333333333333,.6666666666666666,.66666669,0,0,0,.65,-999,0,.75,1,1,1,-999,1,-999,-999,.25,0,.25,1,0,0,1,.5,.4666666666666666
Poland,16,2017,1,04apr2025,Kukiz'15,16007,Right-wing (populists),.5277777777777777,.5277777777777777,0,-999,0,-999,1,.75,-999,-999,.6666666666666666,-999,0,-999,.5,-999,-999,-999,-999,-999,.25,0,0,-999,-999,.25,.8055555555555555
Poland,16,2017,1,04apr2025,Modern (Nowoczesna),16008,Liberals,.8458333333333333,.76875,0,0,0,0,.5,.75,.5,-999,.4,-999,1,1,-999,1,-999,-999,-999,0,-999,0,0,0,1,1,.5375
Portugal,17,2018,1,04apr2025,Social Democratic Party,17001,Conservatives,.7999999999999999,.7,.6666666666666666,.66666669,0,0,.5,.55,.75,0,.8,1,1,1,-999,1,0,-999,.5,0,-999,1,0,0,1,.75,.65
Portugal,17,2018,1,04apr2025,Socialist Party,17002,Social Democrats,.775,.6625,.6666666666666666,.66666669,0,0,.5,.55,.75,0,.5,1,1,1,-999,1,0,-999,.5,0,-999,1,0,0,1,.75,.575
Portugal,17,2018,1,04apr2025,People's Party,17003,Conservatives,.6916666666666668,.5375,0,0,0,0,.5,.65,.75,-999,.4,-999,1,1,-999,1,0,-999,.25,0,.25,0,0,0,1,.5,.575
Portugal,17,2018,1,04apr2025,Left Bloc,17004,Communists or Left Socialists,.7222222222222222,.5833333333333333,0,0,0,0,.5,.75,.75,-999,-999,-999,-999,-999,-999,1,0,0,.5,0,-999,-999,-999,0,1,.5,.6666666666666666
Portugal,17,2018,1,04apr2025,Communist Party,17005,Communists or Left Socialists,.6666666666666666,.5,0,0,0,0,0,.75,.75,-999,.75,-999,1,-999,-999,1,0,-999,.25,0,.25,0,0,0,1,.4375,.5625
Portugal,17,2018,1,04apr2025,"Ecologist Party ""The Greens""",17006,Greens,.6111111111111112,.4166666666666667,-999,-999,-999,-999,.25,.75,.75,-999,-999,-999,-999,-999,-999,1,-999,-999,.25,-999,-999,-999,-999,-999,1,.25,.5833333333333334
Portugal,17,2018,1,04apr2025,People-Animals-Nature,17007,Greens,.7083333333333334,.5625,0,-999,0,-999,.5,.75,.5,-999,.75,-999,-999,-999,-999,1,-999,-999,.5,0,-999,-999,-999,0,1,.5,.625
Spain,18,2017,1,04apr2025,People's Party,18001,Conservatives,.4041666666666666,.48125,0,0,0,0,0,.5,.75,-999,.6,-999,1,1,-999,.25,0,0,.25,0,.25,0,0,0,.25,.5,.4625
Spain,18,2017,1,04apr2025,Socialist Party,18003,Social Democrats,.625,.625,.5,.5,0,0,.25,.5,.75,0,1,1,1,1,-999,-999,0,0,.25,0,-999,1,0,0,-999,.625,.625
Spain,18,2017,1,04apr2025,United Left,18005,Communists or Left Socialists,.6791666666666667,.51875,.5,.5,.3333333333333333,.33333334,0,.75,.5,1,.4,0,.5,1,-999,1,0,0,.5,1,-999,1,-999,0,1,.625,.4125
Spain,18,2017,1,04apr2025,Basque Nationalist Party,18006,Regionalist,.4083333333333334,.4875,0,0,0,0,0,.625,1,-999,.4,-999,1,1,.5,.25,0,0,.25,0,.25,0,0,0,.25,.46875,.50625
Spain,18,2017,1,04apr2025,PDECAT -European Democratic Party of Catalonia,18008,Regionalist,.690625,.690625,.75,.75,0,0,.5,.625,1,0,.4,1,.5,1,-999,-999,0,0,-999,1,-999,1,-999,0,-999,.75,.63125
Spain,18,2017,1,04apr2025,We can,18009,Communists or Left Socialists,.5697916666666667,.5697916666666667,1,1,0,0,0,.625,1,0,.6,1,.5,1,-999,-999,0,1,-999,1,.25,1,0,0,-999,.5833333333333334,.55625
Spain,18,2017,1,04apr2025,Citizens,18010,Liberals,.58125,.58125,.6666666666666666,.66666669,0,0,0,.75,.5,-999,.4,-999,.5,1,-999,-999,0,0,-999,1,-999,1,0,0,-999,.75,.4125
Spain,18,2017,1,04apr2025,Republican Left of Catalonia,18011,Regionalist,.471875,.471875,.5,.5,0,0,0,.5,1,0,.4,1,1,1,.5,-999,0,0,.25,0,.25,1,0,0,-999,.46875,.475
Sweden,19,2018,1,04apr2025,Social Democrats,19001,Social Democrats,.584375,.584375,.3333333333333333,.33333334,0,0,.5,.75,.5,0,.8,1,1,0,1,-999,-999,-999,.5,0,.25,0,0,0,-999,.53125,.6375
Sweden,19,2018,1,04apr2025,Left Party,19002,Communists or Left Socialists,.7229166666666668,.584375,.3333333333333333,.33333334,0,0,.5,.75,.5,0,.8,1,1,0,1,1,-999,-999,.5,0,.25,0,0,0,1,.53125,.6375
Sweden,19,2018,1,04apr2025,Green Party,19003,Greens,.646875,.646875,.3333333333333333,.33333334,0,0,1,.75,.5,0,.8,1,1,0,1,-999,-999,-999,.5,0,.25,0,0,0,-999,.53125,.7625
Sweden,19,2018,1,04apr2025,Centre Party,19004,Agrarian/Farmer’s Party,.646875,.646875,0,0,0,0,.5,.75,.5,-999,.8,-999,1,1,1,-999,-999,-999,.5,0,.25,0,0,0,-999,.65625,.6375
Sweden,19,2018,1,04apr2025,Liberal Party,19005,Liberals,.63125,.63125,0,0,0,0,.5,.625,.5,-999,.8,-999,1,1,1,-999,-999,-999,.5,0,.25,0,0,0,-999,.65625,.60625
Sweden,19,2018,1,04apr2025,Christian Democrats,19006,Christian Democrats,.646875,.646875,0,0,0,0,.5,.75,.5,-999,.8,-999,1,1,1,-999,-999,-999,.5,0,.25,0,0,0,-999,.65625,.6375
Sweden,19,2018,1,04apr2025,Moderate Party,19007,Conservatives,.584375,.584375,0,0,0,0,0,.75,.5,-999,.8,-999,1,1,1,-999,-999,-999,.5,0,.25,0,0,0,-999,.65625,.5125
Sweden,19,2018,1,04apr2025,Sweden Democrats,19008,Right-wing (populists),.646875,.646875,0,0,0,0,.5,.75,.5,-999,.8,-999,1,1,1,-999,-999,-999,.5,0,.25,0,0,0,-999,.65625,.6375
United Kingdom,20,2017,1,04apr2025,Conservative Party,20001,Conservatives,.590625,.590625,1,1,0,-999,1,.375,.75,-999,.6,-999,1,0,-999,-999,-999,-999,-999,1,-999,1,0,-999,-999,.5,.68125
United Kingdom,20,2017,1,04apr2025,Labour Party,20002,Social Democrats,.6666666666666666,.875,.6666666666666666,.66666669,.3333333333333333,.33333334,1,.5,.75,-999,.75,-999,1,1,-999,.25,0,0,-999,1,-999,1,1,0,.25,1,.75
United Kingdom,20,2017,1,04apr2025,Liberal Democrats,20003,Liberals,.4201388888888888,.6302083333333333,.75,.75,0,0,1,.375,1,0,.6666666666666666,1,1,0,-999,0,0,0,-999,1,-999,1,0,0,0,.5,.7604166666666666
United Kingdom,20,2017,1,04apr2025,Scottish National Party,20004,Regionalist,.7458333333333333,.7458333333333333,1,1,0,0,1,.75,.75,-999,.8,-999,1,0,1,-999,-999,-999,-999,1,-999,1,0,0,-999,.6666666666666666,.825
United Kingdom,20,2017,1,04apr2025,Plaid Cymru,20005,Regionalist,.875,.875,1,-999,0,-999,-999,-999,-999,-999,.75,-999,-999,1,-999,-999,-999,-999,-999,-999,-999,1,0,-999,-999,1,.75
United Kingdom,20,2017,1,04apr2025,Green Party,20006,Greens,.96875,.953125,1,1,0,0,1,.625,1,0,1,1,1,1,-999,1,-999,-999,-999,1,-999,1,0,0,1,1,.90625
United Kingdom,20,2017,1,04apr2025,UK Independence Party,20007,Right-wing (populists),.7013888888888888,.9270833333333333,1,-999,0,-999,1,.75,1,-999,.6666666666666666,-999,1,1,-999,.25,-999,-999,-999,-999,-999,1,0,-999,.25,1,.8541666666666666
South Korea,21,2017,1,04apr2025,Democratic Party,21002,Liberals,.7000000000000001,.55,.75,.75,.5,.5,.5,.65,.75,0,.5,1,1,1,-999,1,0,0,.25,1,.25,1,1,1,1,.5,.6
South Korea,21,2017,1,04apr2025,Liberal Korea Party,21003,Conservatives,.534375,.534375,1,1,.6666666666666666,.66666669,.5,.65,.75,0,.375,1,1,1,-999,-999,-999,-999,.25,1,.25,1,1,1,-999,.5,.56875
Japan,22,2017,1,04apr2025,Liberal Democratic Party,22001,Conservatives,.621875,.621875,-999,-999,-999,-999,1,.625,.75,-999,.6,-999,1,0,-999,-999,-999,-999,-999,-999,-999,-999,-999,-999,-999,.5,.74375
Japan,22,2017,1,04apr2025,Democratic Party,22002,Social Democrats,.540625,.540625,0,-999,0,-999,1,.625,1,-999,.2,-999,1,0,-999,-999,-999,-999,.25,0,-999,-999,-999,0,-999,.375,.70625
Japan,22,2017,1,04apr2025,Komeito,22003,"Confessional, other than Christian Democratic",.5874999999999999,.5874999999999999,0,-999,0,-999,.5,.75,-999,-999,.4,-999,1,-999,-999,-999,-999,-999,.25,0,-999,-999,-999,0,-999,.625,.5499999999999999
Japan,22,2017,1,04apr2025,Communist Party,22004,Communists or Left Socialists,.5,.5,-999,-999,-999,-999,.25,.75,-999,-999,.5,-999,1,0,-999,-999,-999,-999,-999,-999,-999,-999,-999,-999,-999,.5,.5
Japan,22,2017,1,04apr2025,Social Democratic Party,22005,Social Democrats,.3166666666666667,.3166666666666667,0,-999,0,-999,.5,.625,-999,-999,.4,-999,-999,0,-999,-999,-999,-999,.25,0,-999,-999,-999,0,-999,.125,.5083333333333333
Japan,22,2017,1,04apr2025,Nippon Ishin,22006,Conservatives,.28125,.28125,-999,-999,-999,-999,-999,.625,-999,-999,.5,-999,-999,0,-999,-999,-999,-999,-999,-999,-999,-999,-999,-999,-999,0,.5625
Japan,22,2017,1,04apr2025,The Constitutional Democratic Party of Japan,22007,Liberals,.3125,.3125,-999,-999,-999,-999,1,.625,-999,-999,.25,-999,-999,0,-999,-999,-999,-999,-999,-999,-999,-999,-999,-999,-999,0,.625
Japan,22,2017,1,04apr2025,The Party of Hope,22008,Right-wing (populists),.75,.75,-999,-999,-999,-999,-999,.75,-999,-999,.25,-999,-999,1,-999,-999,-999,-999,-999,-999,-999,-999,-999,-999,-999,1,.5
Brazil,23,2018,1,04apr2025,Brazilian Democratic Movement Party,23001,Social Democrats,.5833333333333334,.375,0,0,0,0,-999,.25,-999,-999,1,-999,0,0,.25,1,0,0,-999,-999,.25,0,0,0,1,.125,.625
Brazil,23,2018,1,04apr2025,Brazilian Social Democracy Party,23002,Conservatives,.375,.375,0,-999,0,0,-999,.25,-999,-999,1,-999,0,-999,-999,-999,-999,-999,-999,-999,.25,0,0,0,-999,.125,.625
Brazil,23,2018,1,04apr2025,Workers' Party,23003,Communists or Left Socialists,.5166666666666667,.5166666666666667,.25,.25,0,0,-999,.625,.5,0,.6,1,1,0,-999,-999,-999,0,.5,0,.25,0,0,0,-999,.4583333333333334,.5750000000000001
Chile,24,2018,1,04apr2025,Christian Democratic Party,24001,Christian Democrats,.3125,.3125,.6666666666666666,.66666669,0,0,-999,-999,-999,0,0,1,1,1,-999,-999,0,0,.25,-999,-999,1,0,0,-999,.625,0
Chile,24,2018,1,04apr2025,Independent Democratic Union,24002,Conservatives,.58125,.58125,.5,.5,0,0,.5,.75,.5,0,.4,1,1,1,-999,-999,0,0,.25,0,-999,1,0,0,-999,.625,.5375
Chile,24,2018,1,04apr2025,National Renewal,24003,Liberals,.65625,.65625,.25,.25,0,0,1,.75,.5,0,.5,1,1,1,-999,-999,0,0,.25,0,-999,0,0,0,-999,.625,.6875
Chile,24,2018,1,04apr2025,Party for Democracy,24004,Social Democrats,.7291666666666667,.7291666666666667,.5,.5,0,0,1,.5,-999,-999,1,-999,1,1,-999,-999,0,0,.25,-999,-999,1,0,-999,-999,.625,.8333333333333334
Chile,24,2018,1,04apr2025,Socialist Party,24005,Social Democrats,.575,.575,0,0,0,0,.25,.75,.5,-999,.6,-999,1,1,-999,-999,-999,-999,.25,0,-999,0,0,0,-999,.625,.525
Mexico,25,2018,1,04apr2025,Ecological Green Party,25001,Greens,.8236111111111111,.7354166666666667,.75,.75,.25,.25,0,.5833333333333334,1,0,.8,1,1,-999,-999,1,0,0,.75,1,-999,1,0,1,1,.875,.5958333333333334
Mexico,25,2018,1,04apr2025,Institutional Revolutionary Party,25002,-999,.7861111111111111,.6791666666666667,1,1,.5,.5,.25,.5833333333333334,1,-999,.6,-999,1,1,-999,1,1,1,-999,-999,.25,1,0,-999,1,.75,.6083333333333334
Mexico,25,2018,1,04apr2025,National Regeneration Movement,25003,Other: see PARTYFAMTXT for this label,.625,.8125,1,-999,-999,-999,.25,.5,1,-999,.75,-999,-999,1,-999,.25,-999,-999,-999,1,-999,-999,-999,-999,.25,1,.625
Mexico,25,2018,1,04apr2025,National Action Party,25004,Christian Democrats,.79375,.79375,1,1,0,0,.25,.75,.75,0,.6,1,1,1,-999,-999,-999,-999,-999,1,-999,1,0,0,-999,1,.5875
Mexico,25,2018,1,04apr2025,Party of the Democratic Revolution,25005,Social Democrats,.7708333333333334,.65625,.6666666666666666,.66666669,0,0,.25,.75,.5,-999,.75,-999,.5,1,.75,1,0,0,-999,1,-999,1,0,-999,1,.75,.5625
Romania,26,2018,1,04apr2025,Social Democratic Party,26001,Social Democrats,.7013888888888888,.5520833333333333,.6666666666666666,.66666669,0,0,0,.25,.75,0,.6666666666666666,1,1,1,.25,1,0,1,.75,0,.25,-999,0,0,1,.6875,.4166666666666666
Romania,26,2018,1,04apr2025,National Liberal Party,26004,Liberals,.6666666666666666,.5,.6666666666666666,.66666669,0,0,0,.25,1,0,.25,1,1,-999,.25,1,0,1,.75,0,.25,-999,0,0,1,.625,.375
Romania,26,2018,1,04apr2025,Democratic Alliance of Hungarians in Romania,26006,Ethnic,.6875,.53125,.6666666666666666,.66666669,0,0,0,.25,1,0,.5,1,1,-999,.25,1,0,1,.75,0,.25,-999,0,0,1,.625,.4375
Romania,26,2018,1,04apr2025,Alliance of Liberals and Democrats,26008,Liberals,.6875,.53125,.6666666666666666,.66666669,0,0,0,.25,1,0,.5,1,1,-999,.25,1,0,1,.75,0,.25,-999,0,0,1,.625,.4375
Romania,26,2018,1,04apr2025,Save Romania Union,26009,Liberals,.6875,.53125,.6666666666666666,.66666669,0,0,0,.25,1,0,.5,1,1,-999,.25,1,0,1,.75,0,.25,-999,0,0,1,.625,.4375
Bulgaria,27,2017,1,04apr2025,Bulgarian Socialist Party,27001,Social Democrats,.5388888888888889,.6833333333333333,.3333333333333333,.33333334,.3333333333333333,.33333334,1,.35,-999,1,.5,0,.5,1,.75,.25,0,0,-999,-999,-999,1,0,-999,.25,.75,.6166666666666667
Bulgaria,27,2017,1,04apr2025,Citizens for European Development of Bulgaria,27002,Right-wing (populists),.3055555555555556,.3333333333333334,0,0,0,0,0,.75,-999,-999,.5,-999,-999,0,.5,.25,0,0,-999,-999,.25,0,0,-999,.25,.25,.4166666666666667
Bulgaria,27,2017,1,04apr2025,United Patriots,27003,Far right (extreme right),-999,-999,-999,-999,-999,-999,-999,-999,-999,-999,-999,-999,-999,-999,-999,-999,-999,-999,-999,-999,-999,-999,-999,-999,-999,-999,-999
Bulgaria,27,2017,1,04apr2025,Movement for Rights and Freedoms,27004,Ethnic,.2777777777777777,.2777777777777777,0,-999,0,-999,.25,.25,-999,-999,.3333333333333333,-999,-999,-999,-999,-999,-999,-999,-999,0,-999,-999,-999,0,-999,-999,.2777777777777777
Bulgaria,27,2017,1,04apr2025,Volya,27005,Other: see PARTYFAMTXT for this label,0,0,-999,-999,-999,-999,0,-999,-999,-999,0,-999,-999,-999,-999,-999,-999,-999,-999,-999,-999,-999,-999,-999,-999,-999,0
Colombia,28,2017,1,04apr2025,Green Alliance,28001,Greens,.615625,.615625,.3333333333333333,.33333334,.3333333333333333,.33333334,.5,.75,1,-999,.8,-999,1,1,.5,-999,0,0,.25,0,.25,1,1,0,-999,.46875,.7625
Colombia,28,2017,1,04apr2025,Radical Change,28002,Liberals,.5180555555555556,.6520833333333333,0,0,0,0,.5,.75,-999,-999,.6,-999,1,1,.5,.25,0,0,-999,-999,.25,0,0,-999,.25,.6875,.6166666666666667
Colombia,28,2017,1,04apr2025,Democratic Center,28003,Right-wing (populists),.5791666666666667,.36875,0,0,0,0,.5,.75,1,-999,.2,-999,0,-999,-999,1,0,0,.25,0,-999,-999,-999,0,1,.125,.6125
Colombia,28,2017,1,04apr2025,Conservative Party,28004,Conservatives,.59375,.59375,0,0,0,0,.5,.625,.75,-999,1,-999,1,0,.5,-999,-999,-999,.5,0,.25,0,0,0,-999,.46875,.71875
Colombia,28,2017,1,04apr2025,Decents,28005,Communists or Left Socialists,-999,-999,-999,-999,-999,-999,-999,-999,-999,-999,-999,-999,-999,-999,-999,-999,-999,-999,-999,-999,-999,-999,-999,-999,-999,-999,-999
Colombia,28,2017,1,04apr2025,FARC,28006,Communists or Left Socialists,-999,-999,-999,-999,-999,-999,-999,-999,-999,-999,-999,-999,-999,-999,-999,-999,-999,-999,-999,-999,-999,-999,-999,-999,-999,-999,-999
Colombia,28,2017,1,04apr2025,Liberal Party,28007,Social Democrats,.6895833333333333,.534375,0,0,0,0,.5,.75,.75,-999,.4,-999,1,1,.5,1,0,0,.25,0,.25,0,0,0,1,.46875,.6
Colombia,28,2017,1,04apr2025,Independent Movement of Alternative Renovation,28008,"Confessional, other than Christian Democratic",.5,.5,.5,.5,.5,.5,.5,.75,1,-999,.5,-999,1,0,.25,-999,-999,-999,.25,1,.25,0,0,1,-999,.3125,.6875
Colombia,28,2017,1,04apr2025,Social Party of National Unity (Party of the U ),28009,Liberals,.625,.6875,.3333333333333333,.33333334,.3333333333333333,.33333334,.5,.625,1,-999,.5,-999,1,1,.5,.5,0,0,.75,1,.25,0,0,1,.5,.71875,.65625
Colombia,28,2017,1,04apr2025,Democratic Pole,28010,Social Democrats,.640625,.640625,.5,.5,0,0,.5,.75,.75,-999,.5,-999,.5,1,.5,-999,-999,-999,.75,1,.25,0,0,0,-999,.65625,.625
Colombia,28,2017,1,04apr2025,Patriotic Union,28011,Communists or Left Socialists,.5406249999999999,.5406249999999999,0,0,0,0,.5,.75,-999,-999,.4,-999,.5,1,.5,-999,-999,-999,.5,0,.25,0,0,0,-999,.53125,.5499999999999999
Croatia,29,2017,1,04apr2025,Bridge of Independent Lists,29001,Right-wing (populists),.4458333333333333,.54375,0,0,0,-999,0,.25,1,-999,.6,-999,1,1,-999,.25,0,0,.25,0,-999,-999,-999,-999,.25,.625,.4625
Croatia,29,2017,1,04apr2025,Civic Liberal Alliance,29002,Liberals,.609375,.609375,0,-999,-999,-999,.5,.625,1,-999,.25,-999,.5,1,.75,-999,-999,-999,-999,-999,.25,0,-999,-999,-999,.625,.59375
Croatia,29,2017,1,04apr2025,Croatian Democratic Union,29003,Christian Democrats,.4770833333333333,.590625,0,0,0,0,.5,.375,.75,-999,.6,-999,1,1,-999,.25,0,0,.25,0,-999,0,0,-999,.25,.625,.55625
Croatia,29,2017,1,04apr2025,Croatian Peasant Party,29004,Agrarian/Farmer’s Party,.4458333333333333,.54375,0,0,-999,-999,1,.25,.5,-999,.6,-999,1,1,-999,.25,-999,0,.25,0,.25,0,-999,-999,.25,.5,.5875
Croatia,29,2017,1,04apr2025,Croatian People's Party – Liberal Democrats,29005,Liberals,.3604166666666667,.415625,0,0,-999,-999,0,.25,.75,-999,.2,-999,1,1,.75,.25,-999,0,.25,0,.5,0,-999,-999,.25,.53125,.3
Croatia,29,2017,1,04apr2025,Human Shield,29006,Other: see PARTYFAMTXT for this label,.3166666666666667,.3833333333333333,0,0,-999,-999,0,.75,-999,-999,.4,-999,-999,-999,-999,.25,-999,0,-999,0,-999,-999,-999,-999,.25,-999,.3833333333333333
Croatia,29,2017,1,04apr2025,Istrian Democratic Assembly,29007,Regionalist,.584375,.584375,0,0,-999,-999,.5,.625,.75,-999,.8,-999,1,1,.75,-999,-999,-999,.25,0,.25,0,-999,-999,-999,.5,.66875
Croatia,29,2017,1,04apr2025,Social Democratic Party of Croatia,29008,Social Democrats,.5499999999999999,.7,0,0,0,0,1,.75,.75,-999,.6,-999,1,1,-999,.25,0,0,.25,0,-999,0,0,-999,.25,.625,.775
United States,30,2016,1,04apr2025,Democrats,30001,Other: see PARTYFAMTXT for this label,.375,.375,-999,-999,-999,-999,0,.625,-999,-999,.5,-999,-999,-999,-999,-999,-999,-999,-999,-999,-999,-999,-999,-999,-999,-999,.375
United States,30,2016,1,04apr2025,Republicans,30002,Other: see PARTYFAMTXT for this label,.3,.3,-999,-999,-999,-999,0,.65,-999,-999,.25,-999,-999,-999,-999,-999,-999,-999,-999,-999,-999,-999,-999,-999,-999,-999,.3
Greece,31,2017,1,04apr2025,Coalition of the Radical Left (Syriza)
,31001,Communists or Left Socialists,.5451388888888888,.6927083333333333,.25,.25,0,0,.25,-999,.75,0,1,1,1,1,.5,.25,-999,0,.75,0,.25,0,0,0,.25,.71875,.6666666666666666
Greece,31,2017,1,04apr2025,New Democracy (ND),31002,Conservatives,.8722222222222222,.8083333333333333,.5,.5,0,-999,1,-999,.75,-999,.6,-999,1,1,.5,1,-999,-999,-999,0,-999,1,-999,0,1,.8333333333333334,.7833333333333333
Greece,31,2017,1,04apr2025,Panhellenic Socialist Movement (PASOK),31003,Social Democrats,.4638888888888889,.5708333333333333,.5,.5,.75,.75,0,-999,.75,1,.8,0,1,1,1,.25,0,0,.25,1,-999,1,1,1,.25,.625,.5166666666666667
Greece,31,2017,1,04apr2025,Communist Party of Greece (KKE),31004,Communists or Left Socialists,.5104166666666666,.640625,0,0,0,0,0,.75,.5,-999,1,-999,1,1,.5,.25,-999,0,.75,0,.25,0,0,0,.25,.71875,.5625
Greece,31,2018,1,04apr2025,The River,31005,Liberals,.5439814814814815,.6909722222222223,0,0,.3333333333333333,.33333334,1,-999,.75,-999,.3333333333333333,-999,1,1,.5,.25,0,0,-999,0,.25,0,1,0,.25,.6875,.6944444444444445
Greece,31,2017,1,04apr2025,Independent Greeks (ANEL),31006,Right-wing (populists),.75,.625,.3333333333333333,.33333334,0,0,.25,.5,.75,0,.75,1,1,1,.5,1,-999,-999,-999,0,.25,0,0,0,1,.6875,.5625
Slovakia,32,2017,1,04apr2025,Direction – Social Democracy,32001,Social Democrats,.4125,.4125,-999,-999,-999,-999,.5,.625,-999,-999,.6,-999,-999,-999,-999,-999,-999,-999,-999,-999,.25,-999,-999,-999,-999,.25,.5750000000000001
Slovakia,32,2017,1,04apr2025,Freedom and Solidarity,32002,Liberals,.4958333333333333,.4958333333333333,-999,-999,-999,-999,1,.625,-999,-999,.6,-999,-999,-999,-999,-999,-999,-999,-999,-999,.25,-999,-999,-999,-999,.25,.7416666666666667
Slovakia,32,2017,1,04apr2025,Ordinary People and Independents,32003,Conservatives,.4583333333333333,.4583333333333333,-999,-999,-999,-999,-999,-999,-999,-999,.6666666666666666,-999,-999,-999,-999,-999,-999,-999,-999,-999,.25,-999,-999,-999,-999,.25,.6666666666666666
Slovakia,32,2017,1,04apr2025,Slovak National Party,32004,Conservatives,.3125,.3125,-999,-999,-999,-999,0,.625,-999,-999,.5,-999,-999,-999,-999,-999,-999,-999,-999,-999,.25,-999,-999,-999,-999,.25,.375
Slovakia,32,2017,1,04apr2025,Kotleba – People's Party Our Slovakia,32005,Far right (extreme right),.6125,.6125,-999,-999,-999,-999,-999,.625,-999,-999,.6,-999,-999,-999,-999,-999,-999,-999,-999,-999,-999,-999,-999,-999,-999,-999,.6125
Slovakia,32,2017,1,04apr2025,We Are Family,32006,Right-wing (populists),.3291666666666667,.3291666666666667,-999,-999,-999,-999,0,.625,-999,-999,.6,-999,-999,-999,-999,-999,-999,-999,-999,-999,.25,-999,-999,-999,-999,.25,.4083333333333334
Slovakia,32,2017,1,04apr2025,Bridge,32007,Ethnic,.3916666666666667,.3916666666666667,-999,-999,-999,-999,.5,.5,-999,-999,.6,-999,-999,-999,-999,-999,-999,-999,-999,-999,.25,-999,-999,-999,-999,.25,.5333333333333333
Slovakia,32,2017,1,04apr2025,Christian Democratic Movement,32008,Christian Democrats,.3916666666666667,.3916666666666667,-999,-999,-999,-999,.5,.5,-999,-999,.6,-999,-999,-999,-999,-999,-999,-999,-999,-999,.25,-999,-999,-999,-999,.25,.5333333333333333
Slovakia,32,2017,1,04apr2025,Progresive Slovakia,32009,Liberals,.4125,.4125,1,-999,0,-999,.5,.625,-999,0,.6,1,-999,-999,-999,-999,-999,-999,-999,-999,.25,-999,-999,-999,-999,.25,.5750000000000001
Slovakia,32,2017,1,04apr2025,Together -Civic Democracy,32010,Liberals,.4666666666666666,.4666666666666666,-999,-999,-999,-999,1,.25,-999,-999,.8,-999,-999,-999,-999,-999,-999,-999,-999,-999,.25,-999,-999,-999,-999,.25,.6833333333333332
Slovakia,32,2017,1,04apr2025,Party of the Hungarian Community,32011,Ethnic,.3083333333333333,.3083333333333333,-999,-999,-999,-999,0,.5,-999,-999,.6,-999,-999,-999,-999,-999,-999,-999,-999,-999,.25,-999,-999,-999,-999,.25,.3666666666666667
South Africa,33,2017,1,04apr2025,African National Congress,33001,Social Democrats,.71875,.71875,0,0,0,-999,0,.625,.75,-999,1,-999,1,1,1,-999,-999,-999,.75,0,.75,0,0,-999,-999,.84375,.59375
South Africa,33,2017,1,04apr2025,Democratic Alliance,33002,Liberals,.671875,.671875,0,-999,-999,-999,.25,.375,1,-999,1,-999,1,1,.25,-999,-999,-999,.75,-999,.25,0,-999,-999,-999,.6875,.65625
South Africa,33,2017,1,04apr2025,Economic Freedom Fighters,33003,Communists or Left Socialists,.5833333333333334,.5833333333333334,-999,-999,0,-999,0,.75,-999,-999,1,-999,-999,1,.5,-999,0,-999,-999,-999,.25,-999,-999,-999,-999,.5833333333333334,.5833333333333334
Peru,35,2018,1,04apr2025,Popular Action,35001,Social Democrats,.7395833333333334,.609375,.3333333333333333,.33333334,.3333333333333333,.33333334,.5,.75,.75,-999,.5,-999,1,1,.5,1,0,0,.5,1,.25,0,0,1,1,.59375,.625
Peru,35,2018,1,04apr2025,Alliance for Progress,35002,Right-wing (populists),.3819444444444444,.4479166666666666,0,0,0,0,0,.75,-999,-999,.25,-999,1,-999,-999,.25,0,0,.5,0,.25,0,0,0,.25,.5625,.3333333333333333
Peru,35,2018,1,04apr2025,Aprista Peruvian Party,35003,Conservatives,.7395833333333334,.609375,0,0,.3333333333333333,.33333334,0,.75,.75,-999,.5,-999,1,1,.5,1,0,0,.75,0,.25,0,0,1,1,.71875,.5
Peru,35,2018,1,04apr2025,"Broad Front for Justice, Life, and Freedom",35004,Communists or Left Socialists,.7395833333333334,.609375,.3333333333333333,.33333334,0,0,.25,.75,.75,-999,.25,-999,1,1,.5,1,0,0,.75,1,.25,0,0,0,1,.71875,.5
Peru,35,2018,1,04apr2025,Popular Force,35005,Right-wing (populists),.65625,.484375,0,0,0,0,0,.75,.5,-999,.125,-999,1,1,-999,1,0,0,.5,0,.25,0,0,0,1,.625,.34375
Peru,35,2018,1,04apr2025,Peruvians for Change,35006,Liberals,.7395833333333334,.609375,0,0,0,0,0,.75,1,-999,.25,-999,1,1,1,1,0,0,.5,0,.75,0,0,0,1,.71875,.5
Latvia,36,2017,1,04apr2025,"Social Democratic Party ""Harmony""",36001,Social Democrats,-999,-999,-999,-999,-999,-999,-999,-999,-999,-999,-999,-999,-999,-999,-999,-999,-999,-999,-999,-999,-999,-999,-999,-999,-999,-999,-999
Latvia,36,2017,1,04apr2025,Unity,36002,Liberals,1,1,-999,-999,-999,-999,1,-999,-999,-999,-999,-999,-999,-999,-999,-999,-999,-999,-999,-999,-999,-999,-999,-999,-999,-999,1
Latvia,36,2017,1,04apr2025,Farmers' Union of Latvia,36003,Agrarian/Farmer’s Party,-999,-999,-999,-999,-999,-999,-999,-999,-999,-999,-999,-999,-999,-999,-999,-999,-999,-999,-999,-999,-999,-999,-999,-999,-999,-999,-999
Latvia,36,2017,1,04apr2025,Green Party of Latvia,36004,Greens,-999,-999,-999,-999,-999,-999,-999,-999,-999,-999,-999,-999,-999,-999,-999,-999,-999,-999,-999,-999,-999,-999,-999,-999,-999,-999,-999
Latvia,36,2017,1,04apr2025,National Alliance,36005,Right-wing (populists),-999,-999,-999,-999,-999,-999,-999,-999,-999,-999,-999,-999,-999,-999,-999,-999,-999,-999,-999,-999,-999,-999,-999,-999,-999,-999,-999
Latvia,36,2017,1,04apr2025,Alliance of Regions,36006,Regionalist,-999,-999,-999,-999,-999,-999,-999,-999,-999,-999,-999,-999,-999,-999,-999,-999,-999,-999,-999,-999,-999,-999,-999,-999,-999,-999,-999
Latvia,36,2017,1,04apr2025,Vidzeme Party,36007,Regionalist,-999,-999,-999,-999,-999,-999,-999,-999,-999,-999,-999,-999,-999,-999,-999,-999,-999,-999,-999,-999,-999,-999,-999,-999,-999,-999,-999
Latvia,36,2017,1,04apr2025,KPV LV,36008,Right-wing (populists),-999,-999,-999,-999,-999,-999,-999,-999,-999,-999,-999,-999,-999,-999,-999,-999,-999,-999,-999,-999,-999,-999,-999,-999,-999,-999,-999
Latvia,36,2017,1,04apr2025,New Conservative Party,36009,Conservatives,-999,-999,-999,-999,-999,-999,-999,-999,-999,-999,-999,-999,-999,-999,-999,-999,-999,-999,-999,-999,-999,-999,-999,-999,-999,-999,-999
Lithuania,37,2018,1,04apr2025,Order and Justice,37001,Right-wing (populists),.8041666666666667,.70625,.3333333333333333,.33333334,0,-999,1,.75,1,-999,.4,-999,1,1,1,1,0,1,.25,0,-999,0,-999,-999,1,.625,.7875
Lithuania,37,2018,1,04apr2025,Liberal Movement,37002,Liberals,.5520833333333334,.703125,0,0,0,0,1,.75,1,-999,1,-999,1,1,.5,.25,0,0,.25,-999,.25,0,0,0,.25,.46875,.9375
Lithuania,37,2018,1,04apr2025,Electoral Action of Poles in Lithuania – Christian Families Alliance,37003,Ethnic,.71875,.578125,0,0,0,0,0,.75,1,-999,1,-999,1,1,.5,1,0,0,.25,0,.25,0,0,0,1,.46875,.6875
Lithuania,37,2018,1,04apr2025,Social Democratic Labour Party of Lithuania,37004,Social Democrats,.8125,.8125,0,-999,0,-999,.5,.75,1,-999,1,-999,1,1,1,-999,-999,-999,-999,-999,.25,0,0,-999,-999,.8125,.8125
Lithuania,37,2018,1,04apr2025,Social Democratic Party of Lithuania,37005,Social Democrats,.7916666666666666,.6875,.3333333333333333,.33333334,0,0,.5,.75,1,-999,1,-999,1,1,1,1,0,0,.25,0,.5,1,0,0,1,.5625,.8125
Lithuania,37,2018,1,04apr2025,Lithuanian Farmers and Greens Union,37006,Agrarian/Farmer’s Party,.6354166666666666,.828125,0,0,0,-999,.5,.75,1,-999,1,-999,1,1,1,.25,0,0,.75,0,.75,0,-999,-999,.25,.84375,.8125
Lithuania,37,2018,1,04apr2025,Homeland Union - Lithuanian Christian Democrats,37007,Conservatives,.9416666666666668,.9125,.3333333333333333,.33333334,0,0,1,.75,1,-999,.8,-999,1,1,1,1,0,0,-999,0,.75,1,0,0,1,.9375,.8875
Lithuania,37,2018,1,04apr2025,Labour Party,37008,Right-wing (populists),.7645833333333334,.646875,0,0,0,-999,.5,.75,1,-999,.8,-999,1,1,1,1,0,0,.25,0,.25,0,-999,-999,1,.53125,.7625
Estonia,38,2017,1,04apr2025,Reform Party,38001,Liberals,.79375,.79375,0,-999,0,-999,1,.75,1,-999,.6,-999,.5,1,-999,-999,-999,-999,-999,-999,-999,0,0,-999,-999,.75,.8375
Estonia,38,2017,1,04apr2025,Centre Party,38002,Liberals,.7541666666666667,.7541666666666667,-999,-999,-999,-999,.5,.65,.75,-999,.8,-999,.5,1,1,-999,-999,-999,-999,-999,-999,-999,-999,-999,-999,.8333333333333334,.675
Estonia,38,2017,1,04apr2025,Social Democratic Party,38003,Social Democrats,.7999999999999999,.7,1,1,0,-999,1,.75,.5,-999,.6,-999,.5,1,.75,1,-999,1,.75,1,.25,1,-999,0,1,.6875,.7125
Estonia,38,2017,1,04apr2025,Pro Patria and Res Publica Union,38004,Conservatives,.6000000000000001,.6000000000000001,1,-999,0,-999,.5,.75,-999,-999,.6,-999,.5,1,-999,-999,-999,-999,-999,-999,.25,1,0,-999,-999,.5833333333333334,.6166666666666667
Estonia,38,2017,1,04apr2025,Conservative People’s Party,38005,Conservatives,.78125,.78125,0,-999,-999,-999,1,.75,.75,-999,1,-999,.5,1,.75,-999,-999,-999,-999,-999,.5,0,-999,-999,-999,.6875,.875
Estonia,38,2017,1,04apr2025,Free Party,38006,Conservatives,.81875,.81875,0,-999,0,-999,1,.75,1,-999,.8,-999,.5,1,-999,-999,-999,-999,-999,-999,-999,0,0,-999,-999,.75,.8875
Botswana,39,2017,1,04apr2025,Botswana Congress Party (BCP),39001,Social Democrats,.8958333333333333,.8958333333333333,1,1,0,0,1,-999,.75,-999,1,-999,1,-999,-999,-999,0,-999,.75,1,-999,1,0,0,-999,.875,.9166666666666666
Botswana,39,2017,1,04apr2025,Botswana Democratic Party (BDP),39002,Right-wing (populists),.7083333333333334,.5625,.6666666666666666,.66666669,.5,.5,.5,.25,.5,1,.25,0,1,1,.75,1,-999,-999,.75,1,.25,1,-999,0,1,.75,.375
Tanzania,40,2017,1,04apr2025,Party for Democracy and Progress,40001,Other: see PARTYFAMTXT for this label,.565625,.565625,.3333333333333333,.33333334,0,0,0,.35,1,0,.8,1,1,1,1,-999,-999,0,.25,-999,.75,0,0,0,-999,.59375,.5375000000000001
Tanzania,40,2017,1,04apr2025,Party of the Revolution,40002,Communists or Left Socialists,.4270833333333333,.640625,.3333333333333333,.33333334,0,0,.25,.45,.75,-999,.8,-999,1,1,.5,0,0,0,.75,1,.25,0,0,0,0,.71875,.5625
Zambia,41,2011,1,04apr2025,Patriotic Front (PF),41001,Social Democrats,.4375,.4375,.5,.5,0,-999,0,.5,.75,-999,.25,-999,1,1,-999,-999,-999,0,.25,-999,.25,1,0,-999,-999,.5,.375
Zambia,41,2015,1,04apr2025,United Party for National Development (UNDP),41002,Liberals,.5958333333333333,.5958333333333333,0,0,0,-999,0,.4166666666666667,1,-999,.6,-999,1,1,.5,-999,-999,0,-999,-999,.25,0,0,-999,-999,.6875,.5041666666666667
Switzerland,42,2017,1,04apr2025,Christian Democratic People's Party,42001,Christian Democrats,.7652777777777778,.6479166666666667,.25,.25,0,0,1,.5833333333333334,.5,0,.6,1,1,1,-999,1,0,0,.5,0,.25,0,0,0,1,.625,.6708333333333334
Switzerland,42,2017,1,04apr2025,The Liberals,42002,Liberals,.7854166666666668,.678125,.25,.25,0,0,1,.625,.5,0,.8,1,1,1,-999,1,0,0,.5,0,.25,0,0,0,1,.625,.73125
Switzerland,42,2017,1,04apr2025,Swiss Socialist Party,42003,Social Democrats,.80625,.709375,.25,.25,0,0,1,.625,.75,0,.8,1,1,1,-999,1,-999,0,.5,0,.25,0,-999,0,1,.625,.79375
Switzerland,42,2017,1,04apr2025,Swiss People's Party/Democratic Union of the Centre,42004,Right-wing (populists),.7555555555555555,.6333333333333333,0,0,0,0,-999,.625,.5,-999,.8,-999,1,1,-999,1,0,0,.5,0,.25,0,-999,0,1,.625,.6416666666666667
Serbia,43,2018,1,04apr2025,Democratic Party,43001,Social Democrats,.61875,.6781250000000001,.3333333333333333,.33333334,0,0,1,.45,.75,-999,.6,-999,1,1,1,.5,0,0,.5,0,.25,1,0,0,.5,.65625,.7000000000000001
Serbia,43,2018,1,04apr2025,Dveri,43002,Right-wing (populists),.6020833333333333,.653125,0,0,0,-999,1,.75,.75,-999,.6,-999,1,1,1,.5,0,0,.25,0,.25,0,-999,-999,.5,.53125,.775
Serbia,43,2018,1,04apr2025,Socialist Party of Serbia,43003,Communists or Left Socialists,.528125,.528125,0,0,-999,-999,0,.65,.75,-999,.7,-999,1,1,1,-999,-999,-999,.25,0,.25,0,-999,-999,-999,.53125,.5249999999999999
Serbia,43,2018,1,04apr2025,Serbian Progressive Party,43004,Conservatives,.61875,.428125,.3333333333333333,.33333334,0,-999,0,.65,.75,-999,.4,-999,1,0,1,1,-999,0,.25,0,.25,1,-999,0,1,.40625,.45
Serbia,43,2018,1,04apr2025,Serbian Radical Party,43005,Far right (extreme right),.63125,.63125,0,0,0,-999,0,.65,.75,-999,.4,-999,1,1,1,-999,0,0,-999,-999,.25,0,-999,-999,-999,.8125,.45
Serbia,43,2018,1,04apr2025,Alliance of Vojvodina Hungarians,43006,Ethnic,.5520833333333334,.703125,0,0,0,0,1,.75,.75,-999,1,-999,1,1,1,.25,0,0,.25,0,.25,0,0,0,.25,.53125,.875
Zimbabwe,44,2018,1,04apr2025,Movement for Democratic Change[MDC],44001,Social Democrats,.4305555555555556,.3958333333333334,-999,-999,-999,-999,0,.75,-999,-999,.5,-999,.5,0,1,.5,-999,-999,.25,-999,-999,-999,-999,-999,.5,.375,.4166666666666667
Zimbabwe,44,2018,1,04apr2025,Zimbabwe African National Union – Patriotic Front [Zanu-PF],44002,Other: see PARTYFAMTXT for this label,.4583333333333334,.4583333333333334,-999,-999,-999,-999,0,.25,-999,-999,1,-999,.5,-999,-999,-999,-999,-999,-999,-999,-999,-999,-999,-999,-999,.5,.4166666666666667
Namibia,45,2019,1,04apr2025,Popular Democratic Movement [PDM],45001,Christian Democrats,.5,.5,0,-999,0,-999,-999,-999,-999,-999,.75,-999,-999,-999,-999,-999,-999,-999,-999,-999,.25,0,0,-999,-999,.25,.75
Namibia,45,2019,1,04apr2025,South West Africa People’s Organisation [SWAPO],45002,Social Democrats,.703125,.703125,.3333333333333333,.33333334,0,0,0,.75,.75,0,.75,1,1,1,1,-999,-999,-999,.75,0,.75,0,0,0,-999,.84375,.5625
Uganda,47,2019,1,04apr2025,National Resistance Movement [NRM],47001,Right-wing (populists),.2916666666666667,.2916666666666667,1,-999,-999,-999,.25,.25,-999,-999,0,-999,.5,-999,.5,-999,-999,-999,-999,1,.25,-999,-999,-999,-999,.4166666666666667,.1666666666666667
Uganda,47,2019,1,04apr2025,Forum for Democratic Change,47002,Liberals,.125,.125,-999,-999,-999,-999,.25,-999,-999,-999,0,-999,-999,-999,-999,-999,-999,-999,-999,-999,-999,-999,-999,-999,-999,-999,.125
Ireland,11,2017,1,04apr2025,Fine Gael,11001,Christian Democrats,.775,.775,.5,.5,0,0,.5,.65,.75,-999,.8,-999,1,1,-999,-999,-999,-999,.75,1,-999,0,0,0,-999,.875,.675
Ireland,11,2017,1,04apr2025,Fianna Fáil,11003,Conservatives,.665625,.665625,.5,.5,0,-999,1,.65,1,-999,.8,-999,1,1,.5,-999,-999,-999,.25,1,.25,0,-999,0,-999,.46875,.8625
Ireland,11,2017,1,04apr2025,Sinn Féin,11004,Other: see PARTYFAMTXT for this label,.71875,.71875,.5,.5,0,0,1,.75,.75,-999,.75,-999,.5,1,-999,-999,-999,-999,.5,1,.75,0,0,0,-999,.625,.8125
Ireland,11,2017,1,04apr2025,Labour Party,11002,Social Democrats,.6916666666666667,.6916666666666667,1,1,0,0,1,.65,.75,-999,.8,-999,1,0,-999,-999,-999,-999,.75,1,.25,1,0,0,-999,.5833333333333334,.8
Ireland,11,2017,1,04apr2025,Solidarity-People Before Profit,11008,Communists or Left Socialists,-999,-999,-999,-999,-999,-999,-999,-999,-999,-999,-999,-999,-999,-999,-999,-999,-999,-999,-999,-999,-999,-999,-999,-999,-999,-999,-999
Ireland,11,2017,1,04apr2025,Green Party,11005,Greens,.3958333333333333,.59375,.6666666666666666,.66666669,0,0,1,.75,1,-999,1,-999,.5,0,-999,0,0,0,-999,1,-999,1,0,0,0,.25,.9375
Ireland,11,2017,1,04apr2025,Social Democrats,11006,Social Democrats,.71875,.71875,1,-999,0,-999,1,.75,1,-999,1,-999,.5,-999,-999,-999,-999,-999,-999,-999,-999,1,0,-999,-999,.5,.9375
Ireland,11,2017,1,04apr2025,Independents4Change,11007,Communists or Left Socialists,-999,-999,-999,-999,-999,-999,-999,-999,-999,-999,-999,-999,-999,-999,-999,-999,-999,-999,-999,-999,-999,-999,-999,-999,-999,-999,-999
Denmark,6,2017,1,04apr2025,Liberals,6008,Liberals,.69375,.69375,0,0,0,0,1,.375,.75,-999,.8,-999,1,0,1,-999,0,0,.75,0,.25,0,0,0,-999,.65625,.73125
Denmark,6,2017,1,04apr2025,Social Liberal Party,6003,Liberals,.6625,.6625,0,0,0,0,1,.75,.75,-999,.8,-999,.5,-999,-999,-999,0,0,-999,-999,-999,0,0,-999,-999,.5,.825
Denmark,6,2017,1,04apr2025,Socialist People's Party,6004,Communists or Left Socialists,.4875,.4875,1,1,0,0,1,.65,.75,0,1,1,0,-999,-999,-999,-999,-999,-999,1,.25,1,0,0,-999,.125,.85
Denmark,6,2017,1,04apr2025,Conservatives,6007,Conservatives,.7458333333333332,.61875,.3333333333333333,.33333334,0,0,1,.65,.75,-999,.8,-999,0,0,.25,1,0,0,.75,1,.25,0,0,0,1,.4375,.8
Denmark,6,2017,1,04apr2025,Danish People's Party,6002,Right-wing (populists),.775,.775,1,-999,0,-999,1,.65,.75,-999,.8,-999,-999,-999,-999,-999,-999,-999,.75,1,-999,-999,-999,0,-999,.75,.8
Denmark,6,2017,1,04apr2025,Red-Green Alliance,6005,Communists or Left Socialists,.6875,.6875,0,-999,0,-999,1,.75,.75,-999,1,-999,-999,-999,-999,-999,-999,-999,.5,0,-999,-999,-999,0,-999,.5,.875
Denmark,6,2017,1,04apr2025,The Alternative,6009,Greens,.678125,.678125,.5,.5,0,0,1,.75,1,-999,.8,-999,1,1,.5,-999,-999,-999,.25,0,.25,1,0,0,-999,.46875,.8875
Denmark,6,2017,1,04apr2025,Liberal Alliance,6006,Liberals,1,1,-999,-999,-999,-999,1,-999,-999,-999,-999,-999,-999,-999,-999,-999,-999,-999,-999,-999,-999,-999,-999,-999,-999,-999,1
Denmark,6,2017,1,04apr2025,Social Democrats,6001,Social Democrats,.75625,.75625,.5,.5,0,0,1,.5,.75,-999,.8,-999,1,-999,1,-999,-999,-999,.75,1,.25,0,0,0,-999,.75,.7625
Taiwan,34,2018,1,04apr2025,Chinese Nationalist Party,34001,Other: see PARTYFAMTXT for this label,.84375,.84375,.6666666666666666,.66666669,.3333333333333333,.33333334,1,.75,1,-999,0,-999,1,1,-999,-999,0,0,-999,1,-999,1,0,1,-999,1,.6875
Taiwan,34,2018,1,04apr2025,Democratic Progressive Party,34002,Other: see PARTYFAMTXT for this label,.9020833333333333,.9020833333333333,.75,.75,.25,.25,1,.55,1,0,.6666666666666666,1,1,1,-999,-999,0,0,-999,1,-999,1,0,1,-999,1,.8041666666666666
Taiwan,34,2018,1,04apr2025,People’s First Party,34003,Other: see PARTYFAMTXT for this label,.78125,.78125,.5,.5,0,0,.5,.75,1,-999,0,-999,1,1,-999,-999,0,0,-999,-999,-999,1,0,-999,-999,1,.5625
Taiwan,34,2018,1,04apr2025,New Power Party,34004,Other: see PARTYFAMTXT for this label,.65625,.65625,0,0,0,0,.5,.75,1,-999,0,-999,1,1,-999,-999,0,0,-999,-999,.25,0,0,-999,-999,.75,.5625
France,8,2019,1,04apr2025,Republic on the Move,8005,Liberals,.7222222222222223,.7222222222222223,.25,.25,0,0,1,.75,-999,0,.3333333333333333,1,1,1,-999,-999,-999,0,-999,0,.25,0,-999,0,-999,.75,.6944444444444445
Nigeria,50,2019,1,04apr2025,All Progressive Congress,50001,Social Democrats,.65625,.484375,1,1,-999,-999,-999,.25,-999,-999,.25,-999,1,0,1,1,-999,1,.75,1,.75,1,-999,-999,1,.71875,.25
Nigeria,50,2019,1,04apr2025,Peoples Democratic Party,50002,Social Democrats,.6979166666666666,.546875,1,1,0,-999,-999,.25,-999,-999,.25,-999,1,1,1,1,-999,1,.75,1,.75,1,-999,0,1,.84375,.25
Burkina Faso,51,2019,1,04apr2025,People's Movement for Progress,51001,Social Democrats,.5729166666666667,.5729166666666667,0,0,0,-999,.5,.25,-999,-999,1,-999,-999,-999,.5,-999,-999,-999,.75,0,.25,0,0,-999,-999,.5625,.5833333333333334
Burkina Faso,51,2019,1,04apr2025,Union for Progress and Reform,51002,Liberals,.4791666666666667,.59375,.3333333333333333,.33333334,0,0,0,.25,.75,0,.5,1,-999,-999,1,.25,-999,-999,.75,0,.75,0,0,0,.25,.8125,.375
Ecuador,48,2017,1,04apr2025,Democratic Left,48001,Social Democrats,.471875,.69375,0,-999,0,-999,1,.375,1,-999,.4,-999,-999,-999,-999,.25,-999,-999,-999,0,-999,-999,-999,0,.25,-999,.69375
Ecuador,48,2017,1,04apr2025,Creating opportunities,48002,Conservatives,.590625,.590625,1,1,0,0,1,.75,1,-999,.6,-999,1,0,.5,-999,-999,-999,.25,1,.25,1,0,0,-999,.34375,.8375
Ecuador,48,2017,1,04apr2025,Social Christian Party,48003,Christian Democrats,.5958333333333334,.5958333333333334,1,-999,0,-999,1,.375,-999,-999,.2,-999,1,-999,.5,-999,-999,-999,.75,1,.25,-999,-999,0,-999,.6666666666666667,.525
Kenya,52,2017,1,04apr2025,Orange Democratic Movement,52002,Social Democrats,.490625,.490625,.5,.5,-999,-999,0,.75,1,-999,.8,-999,.25,0,.25,-999,-999,-999,.5,1,.25,0,-999,-999,-999,.34375,.6375
Kenya,52,2017,1,04apr2025,Jubilee Party of Kenya,52001,Right-wing (populists),.7305555555555556,.5958333333333334,.3333333333333333,.33333334,0,-999,0,.75,.75,-999,.6,-999,.5,1,-999,1,0,0,.75,1,.25,0,-999,-999,1,.6666666666666667,.525
Malawi,49,2018,1,04apr2025,Democratic Progressive Party (DPP),49001,Liberals,.5833333333333334,.375,0,-999,0,0,.5,.5,.5,-999,.5,-999,.5,0,-999,1,-999,-999,-999,0,-999,-999,0,0,1,.25,.5
Malawi,49,2018,1,04apr2025,Malawi Congress Party,49002,Conservatives,.5833333333333334,.75,1,-999,0,0,-999,.75,.75,-999,.75,-999,1,1,-999,.25,0,-999,-999,1,.25,-999,0,0,.25,.75,.75
